custName,custId,custEmail,custPass,custPhone,custGender,custAddress
Jonell Timoney,1,jtimoney0@unblog.fr,T6zenslD,727-117-5631,Genderfluid,1092 Beilfuss Hill
Siobhan Spelman,2,sspelman1@skype.com,ieym6BnW,441-668-4326,Female,761 Shopko Lane
Emogene Wittering,3,ewittering2@whitehouse.gov,jKQkJz1,868-392-4736,Genderqueer,31571 Kennedy Lane
Hollyanne Parramore,4,hparramore3@cbsnews.com,k4Vt1FafBdQ,584-810-7760,Genderqueer,0 Surrey Street
Elly Limb,5,elimb4@bbc.co.uk,3YQrWWFE3e,608-601-7171,Agender,030 Kim Street
Don McLeary,6,dmcleary5@squidoo.com,JkeoIkI,513-547-9180,Bigender,472 Michigan Hill
Ramon Sawyer,7,rsawyer6@sciencedaily.com,Q2YalFFSb,645-613-3010,Agender,40632 Pleasure Center
Ario Braam,8,abraam7@w3.org,XDe6CK5,684-919-4071,Bigender,11 Sundown Pass
Dayna Daulton,9,ddaulton8@comcast.net,ci5ESASHuzx,425-842-5067,Male,39 Hoard Center
Forester Perham,10,fperham9@examiner.com,K0Ds8oDHgDlO,756-653-5226,Polygender,32 Westridge Alley
Aurilia Hugh,11,ahugha@marketwatch.com,qDyr0m,875-132-2952,Female,1 Portage Center
Katha Faunch,12,kfaunchb@slideshare.net,8n8thsfptW,683-357-7702,Non-binary,6209 Mayfield Alley
Symon Eayres,13,seayresc@list-manage.com,AqIjKbRp83,756-701-9928,Bigender,1051 Dovetail Pass
Pansy McKaile,14,pmckailed@disqus.com,lKWB7ZalGxil,360-392-4032,Male,916 Mesta Parkway
Tulley Gaspard,15,tgasparde@wikimedia.org,VtW4YRB,642-493-7397,Non-binary,6 Barnett Point
Del MacRannell,16,dmacrannellf@netlog.com,zm5eJMW5B,447-617-1698,Polygender,0 Cherokee Terrace
Mireielle De Andreis,17,mdeg@plala.or.jp,HM7Q4km,374-211-0116,Agender,24 Iowa Alley
Cathi Prestwich,18,cprestwichh@eepurl.com,01W0HHK9OaQV,875-742-0359,Genderfluid,725 Warrior Hill
Bamby McGing,19,bmcgingi@printfriendly.com,n0XANl,246-130-3327,Non-binary,44846 Village Green Pass
Gerhardine Pear,20,gpearj@google.de,wVgU5ca3Je,526-467-9860,Genderfluid,84 Briar Crest Parkway
Emmye Stonham,21,estonhamk@cnet.com,nVZvVdn,267-588-7800,Polygender,6 Sunnyside Pass
Cathi Probetts,22,cprobettsl@mit.edu,Js0NiEf35J,473-376-5889,Polygender,019 Fremont Parkway
Karleen Son,23,ksonm@geocities.jp,lTkTMeBbL,214-220-9853,Female,31 Coleman Pass
Osgood Abrahm,24,oabrahmn@fda.gov,2IPGcA9wofA,727-794-2275,Bigender,02458 Loftsgordon Parkway
Shirline Pringle,25,springleo@vkontakte.ru,rrbgt4jY1E,893-167-7693,Agender,5960 Bartelt Court
Tony Shovelton,26,tshoveltonp@usa.gov,HcWS5Z2ps,300-904-6546,Female,591 Scofield Junction
Joline Prover,27,jproverq@gravatar.com,Jf44EdvZRFJ,287-715-4663,Bigender,455 Eagan Crossing
Jessika Adamczewski,28,jadamczewskir@ovh.net,JKGbZsaC,232-116-9060,Genderfluid,00 Twin Pines Place
Micheil Chesman,29,mchesmans@livejournal.com,0dbyYo,352-175-3149,Genderfluid,241 Coleman Point
Booth Maddin,30,bmaddint@arstechnica.com,huMW6nSNMCE,192-217-9375,Female,388 Red Cloud Way
Ashien Rome,31,aromeu@columbia.edu,DPznMaHa69M,997-477-7747,Genderfluid,26 Chinook Parkway
Morissa Beiderbeck,32,mbeiderbeckv@istockphoto.com,n4ffwEyv6Mg5,387-790-2662,Female,65433 Carey Junction
Alvie Lehrian,33,alehrianw@liveinternet.ru,22gLzI,579-230-6523,Genderfluid,28 Oxford Parkway
Abba Choke,34,achokex@mapquest.com,uTEAc90F1NS,512-709-3739,Female,31 Westerfield Center
Darcy Sirett,35,dsiretty@cisco.com,vapT1cWjLWm,400-243-8378,Agender,90463 Nobel Trail
Tiphany Neumann,36,tneumannz@privacy.gov.au,rkgmbsfzCVcM,887-941-4334,Genderfluid,4 Holmberg Lane
Ollie Stuther,37,ostuther10@wikimedia.org,8ynPFe,263-603-6046,Female,638 Nancy Circle
Lewie Spenley,38,lspenley11@acquirethisname.com,bmsuuAd,823-946-4855,Female,469 Helena Parkway
Brandi Bleeze,39,bbleeze12@desdev.cn,2BWZUIxcty30,920-380-7435,Polygender,1 Annamark Park
Walsh Deyes,40,wdeyes13@shareasale.com,CYcfhcSh8,725-469-4269,Genderfluid,1826 Northland Point
Alonzo Stowers,41,astowers14@google.pl,iygPyP,588-720-2902,Male,69677 Heffernan Court
Bruno Darch,42,bdarch15@miibeian.gov.cn,NxSRcTHiiRT,695-936-2060,Female,4 Stoughton Circle
Marthe Wadhams,43,mwadhams16@wikipedia.org,ss34iSxOAt,330-211-0859,Male,73 Pearson Crossing
Urbano Spurgeon,44,uspurgeon17@amazon.com,t3B0BaFz6Gz,479-715-6064,Non-binary,68 Laurel Place
Marquita Tiuit,45,mtiuit18@360.cn,HxwD4ix,948-854-3599,Genderfluid,40979 Dennis Way
Leupold Spinetti,46,lspinetti19@github.com,RcjczHhFV,432-264-6178,Bigender,69970 Northridge Street
Dunn Karpinski,47,dkarpinski1a@cornell.edu,LymIk36p,966-104-0877,Polygender,665 Cottonwood Alley
Marlo Ebbutt,48,mebbutt1b@hugedomains.com,bB0ROgwd,595-383-0821,Agender,3151 Fisk Parkway
Gillan Sheerman,49,gsheerman1c@jiathis.com,889ynm0,889-358-7332,Agender,43569 Talmadge Pass
Stella Verden,50,sverden1d@networksolutions.com,XMekMk2U56Sd,692-438-8205,Genderfluid,82 Merry Pass
Sandie Autie,51,sautie1e@statcounter.com,C25MsB9TJf,524-925-1127,Polygender,4 Browning Parkway
Gery Bruckenthal,52,gbruckenthal1f@google.co.uk,B0ByL0vt6utR,893-162-2465,Male,43725 Shelley Trail
Dulcea Fooks,53,dfooks1g@xing.com,4ZmBPZDdul,192-294-7613,Female,1652 Bonner Crossing
Marianna Withrop,54,mwithrop1h@lulu.com,buSQmh,621-612-8903,Non-binary,0 Lillian Terrace
Gilberta Fishbourn,55,gfishbourn1i@bandcamp.com,O0D3sLi,216-168-9749,Agender,26241 Judy Way
Christian Lippett,56,clippett1j@ucoz.com,EcOUSPH,353-746-9558,Male,31508 Ridge Oak Trail
Helli Bevan,57,hbevan1k@addtoany.com,va95Ebk,872-802-0586,Non-binary,5196 Fordem Point
Evan Gill,58,egill1l@google.co.uk,KSyUrbiRr,887-464-1188,Polygender,4 Rieder Road
Hermine Roxbrough,59,hroxbrough1m@canalblog.com,VoEyBbnSvto,513-349-8026,Bigender,72 Kingsford Park
Brett Rollo,60,brollo1n@last.fm,V9urseRcA5k,582-165-9830,Agender,25 Comanche Place
Letti Barras,61,lbarras1o@bbc.co.uk,7lq5TWDJFEZ,441-430-6506,Genderfluid,5 Butternut Drive
Kelsey Grisedale,62,kgrisedale1p@github.com,uoTGXiwmJC,954-738-6877,Genderqueer,89 Cody Parkway
Mycah Brunt,63,mbrunt1q@blogs.com,IqMVH1ZjU,963-554-0123,Female,74658 Swallow Plaza
Averell de Guise,64,ade1r@ovh.net,cRaZU1,696-281-0993,Male,14648 Hudson Pass
Otha Mardling,65,omardling1s@deliciousdays.com,CcP69Zr,196-183-8425,Genderfluid,68 La Follette Point
Claire Neachell,66,cneachell1t@eepurl.com,ntowry6ly,425-299-9949,Bigender,17 Basil Drive
Saxe Pass,67,spass1u@delicious.com,hTBmTjwT,194-661-5422,Female,5338 Gulseth Place
Cassie Guerro,68,cguerro1v@sun.com,3GtKuBa,578-564-0194,Male,5173 Corben Lane
Bride Anderer,69,banderer1w@lycos.com,GNfHBU,933-140-5821,Genderqueer,9353 Garrison Way
Micky Marconi,70,mmarconi1x@house.gov,V4sJ2h,521-212-2812,Polygender,91 Sage Pass
Katrinka Shimmans,71,kshimmans1y@auda.org.au,lbNcwkyp0TsX,198-121-5168,Genderqueer,39028 Fieldstone Junction
Libbey Butt Gow,72,lbutt1z@stumbleupon.com,aCyOtRX,143-818-3767,Polygender,953 Holy Cross Way
Benito Domenget,73,bdomenget20@t.co,YUuCwobkiO,623-191-7002,Polygender,4 Ramsey Plaza
Ricardo Phelips,74,rphelips21@github.com,8fJS9Rhtxy0,204-447-3494,Genderfluid,97725 Ridgeway Terrace
Sallie Golt,75,sgolt22@ezinearticles.com,kGn4PR,480-252-5434,Genderqueer,39792 Dorton Plaza
Emilee Lukash,76,elukash23@last.fm,EMGJJTtq,866-533-4841,Agender,4 Clarendon Lane
Gilligan Mansour,77,gmansour24@ustream.tv,dDlKasF,254-508-2028,Agender,90 Harbort Park
Aimil Blaszczynski,78,ablaszczynski25@myspace.com,3JVgkS6CzP,635-185-1747,Genderfluid,17176 Merrick Plaza
Gina Mewis,79,gmewis26@engadget.com,DMmgcynbjW,167-465-9985,Agender,6 Duke Drive
Jan Shearsby,80,jshearsby27@nba.com,oEdd2bQDh,819-740-5881,Bigender,43 Village Green Alley
Lavena Guterson,81,lguterson28@netvibes.com,0n6597WD,586-911-5735,Male,197 Upham Road
Gerhardine Grave,82,ggrave29@privacy.gov.au,Z02gKp263,252-897-1574,Genderfluid,77658 Valley Edge Alley
Belia Hazeldean,83,bhazeldean2a@dailymotion.com,mDDwjGpVrpOn,206-375-0341,Male,8155 Gerald Circle
Bowie Renfield,84,brenfield2b@toplist.cz,xtPz1DPBDQB,403-279-1416,Genderfluid,671 Mccormick Circle
Taite Kilford,85,tkilford2c@privacy.gov.au,lk6gsR,598-224-7138,Male,6 Hauk Park
Alvie Mardle,86,amardle2d@army.mil,jFDHMz4W7DgV,648-140-3761,Non-binary,66 Glacier Hill Crossing
Traci MacCard,87,tmaccard2e@dyndns.org,VgIaS8lhDSbc,352-190-6529,Genderfluid,37 Mandrake Junction
Giffy Eaglen,88,geaglen2f@nytimes.com,CwQqNT,705-291-4947,Agender,6 Forster Point
Mikkel Ovendale,89,movendale2g@usda.gov,mbcg6NIFVp,933-521-4346,Male,20114 Menomonie Court
Katharine Lidington,90,klidington2h@umich.edu,9aLro8,767-516-2685,Bigender,0962 Holmberg Way
Lazar Etherington,91,letherington2i@slashdot.org,SoC7MpXs3W,771-100-6860,Genderqueer,2757 Northland Alley
Min Roath,92,mroath2j@jugem.jp,qpAADt,145-530-1025,Genderqueer,94167 Corscot Park
Florette Hugenin,93,fhugenin2k@latimes.com,GILRrTBQoYN,287-677-2624,Bigender,75 Kedzie Road
Stirling McIlvaney,94,smcilvaney2l@whitehouse.gov,yL4iAk7D,829-210-5436,Genderfluid,931 Derek Junction
Gerrie Evetts,95,gevetts2m@sphinn.com,HZ8wFT2tCG,840-191-3690,Female,0 Lerdahl Junction
Olivette Sends,96,osends2n@hud.gov,BBBYWvP,594-469-5378,Female,4586 Menomonie Place
Griz Dugall,97,gdugall2o@wordpress.org,uDl5NtyE,942-363-9945,Non-binary,5800 Hovde Pass
Bevon Lillecrap,98,blillecrap2p@berkeley.edu,w8Fjy943r,548-674-4083,Non-binary,67891 Beilfuss Avenue
Jewell Hollingsbee,99,jhollingsbee2q@hc360.com,gAc2Gn,178-843-0962,Female,8613 Tennyson Park
Loreen Rosenwald,100,lrosenwald2r@ifeng.com,I6E9rI9i5,581-537-6803,Polygender,58742 Susan Lane
